"","Artist","Freq"
"1142","madonna",36
"1152","mariah carey",29
"1523","rihanna",28
"589","elton john",26
"845","janet jackson",23
"1218","michael jackson",22
"1706","stevie wonder",22
"2034","usher",21
"2079","whitney houston",21
"1744","taylor swift",20
"171","beyonce",19
"1438","pink",18
"353","chris brown",17
"988","katy perry",17
"998","kelly clarkson",17
"1475","r kelly",17
"1773","the beatles",17
"270","britney spears",16
"1164","maroon 5",16
"1780","the black eyed peas",16
"351","chicago",15
"595","eminem",15
"102","aretha franklin",14
"546","drake",14
"1118","ludacris",14
"1545","rod stewart",14
"252","boyz ii men",13
"974","justin timberlake",13
"1031","kool  the gang",13
"1043","lady gaga",13
"1432","phil collins",13
"1904","the rolling stones",13
"42","aerosmith",12
"65","alicia keys",12
"158","bee gees",12
"185","billy joel",12
"240","bon jovi",12
"485","destinys child",12
"980","kanye west",12
"1079","lionel richie",12
"1294","neil diamond",12
"1349","olivia newtonjohn",12
"1928","the temptations",12
"28","aaliyah",11
"147","barry manilow",11
"281","bryan adams",11
"344","cher",11
"439","daryl hall  john oates",11
"492","diana ross",11
"553","duran duran",11
"705","george michael",11
"858","jayz",11
"867","jennifer lopez",11
"1299","nelly",11
"1314","neyo",11
"1319","nickelback",11
"1791","the carpenters",11
"1963","ti",11
"256","brandy",10
"323","celine dion",10
"533","donna summer",10
"654","fleetwood mac",10
"655","flo rida",10
"699","genesis",10
"792","huey lewis and the news",10
"1072","lil wayne",10
"1170","marvin gaye",10
"1214","michael bolton",10
"1511","richard marx",10
"1922","the supremes",10
"1977","tlc",10
"19","50 cent",9
"278","bruce springsteen",9
"506","dionne warwick",9
"560","earth wind  fire",9
"583","electric light orchestra",9
"662","foreigner",9
"1002","kenny chesney",9
"1007","kenny rogers",9
"1174","mary j blige",9
"1240","miley cyrus",9
"1455","prince",9
"1590","santana",9
"1711","styx",9
"1962","three dog night",9
"1995","toni braxton",9
"11","3 doors down",8
"47","air supply",8
"48","akon",8
"95","anne murray",8
"122","avril lavigne",8
"226","bobby brown",8
"280","bruno mars",8
"360","christina aguilera",8
"391","commodores",8
"558","eagles",8
"601","enrique iglesias",8
"608","eric clapton",8
"634","fall out boy",8
"763","heart",8
"995","keith sweat",8
"1247","missy elliott",8
"1254","monica",8
"1321","nicki minaj",8
"1440","pitbull",8
"1468","queen",8
"1605","sean paul",8
"1627","sheryl crow",8
"1742","taylor dayne",8
"1772","the beach boys",8
"1967","tim mcgraw",8
"1983","tom jones",8
"40","adele",7
"85","andy gibb",7
"133","backstreet boys",7
"405","creedence clearwater revival",7
"451","david guetta",7
"468","def leppard",7
"719","ginuwine",7
"720","gladys knight  the pips",7
"754","hall  oates",7
"767","helen reddy",7
"773","hermans hermits",7
"822","ja rule",7
"835","james brown",7
"851","jason derulo",7
"992","keha",7
"1073","linda ronstadt",7
"1078","linkin park",7
"1088","little river band",7
"1089","ll cool j",7
"1120","luke bryan",7
"1277","n sync",7
"1356","onerepublic",7
"1365","outkast",7
"1403","paula abdul",7
"1624","sheena easton",7
"1640","simon  garfunkel",7
"1707","sting",7
"1852","the jackson 5",7
"1916","the spinners",7
"1969","timbaland",7
"1980","toby keith",7
"2004","tpain",7
"2015","trey songz",7
"2026","u2",7
"2062","war",7
"5","112",6
"10","2pac",6
"24","98 degrees",6
"31","abba",6
"36","ace of base",6
"50","al green",6
"62","alice cooper",6
"131","babyface",6
"142","barbra streisand",6
"186","billy ocean",6
"195","bj thomas",6
"289","busta rhymes",6
"313","carrie underwood",6
"365","christopher cross",6
"369","ciara",6
"387","coldplay",6
"389","color me badd",6
"404","creed",6
"415","culture club",6
"418","cyndi lauper",6
"542","dr dre",6
"564","ed sheeran",6
"592","elvis presley",6
"597","en vogue",6
"627","expose",6
"631","faith hill",6
"640","fergie",6
"734","goo goo dolls",6
"779","hootie  the blowfish",6
"808","imagine dragons",6
"816","inxs",6
"849","jason aldean",6
"889","jewel",6
"926","john denver",6
"930","john mayer",6
"949","johnny rivers",6
"962","journey",6
"973","justin bieber",6
"990","kc and the sunshine band",6
"1042","lady antebellum",6
"1241","milli vanilli",6
"1310","new kids on the block",6
"1333","no doubt",6
"1463","puff daddy",6
"1556","roxette",6
"1615","shakira",6
"1656","sly  the family stone",6
"1694","steely dan",6
"1701","steve winwood",6
"1758","the 5th dimension",6
"1840","the hollies",6
"1887","the ojays",6
"1895","the pointer sisters",6
"1936","the turtles",6
"1974","tina turner",6
"1989","tommy james and the shondells",6
"2011","train",6
"2036","van halen",6
"81","amy grant",5
"111","ashanti",5
"129","baby bash",5
"167","bette midler",5
"183","billy idol",5
"198","blake shelton",5
"219","bob seger  the silver bullet band",5
"253","boz scaggs",5
"296","calvin harris",5
"303","captain  tennille",5
"309","carly simon",5
"352","chingy",5
"392","coolio",5
"441","daughtry",5
"447","david bowie",5
"461","debbie gibson",5
"537","donny osmond",5
"543","dr hook",5
"550","dru hill",5
"630","faith evans",5
"691","gary puckett  the union gap",5
"722","glen campbell",5
"750","guns n roses",5
"751","gwen stefani",5
"830","jagged edge",5
"925","john cougar mellencamp",5
"929","john lennon",5
"1004","kenny loggins",5
"1047","laura branigan",5
"1049","leann rimes",5
"1058","leo sayer",5
"1097","lonestar",5
"1195","meghan trainor",5
"1300","nelly furtado",5
"1313","next",5
"1355","one direction",5
"1379","pat benatar",5
"1394","paul mccartney",5
"1399","paul revere  the raiders",5
"1400","paul simon",5
"1429","petula clark",5
"1465","pussycat dolls",5
"1497","real mccoy",5
"1498","red hot chili peppers",5
"1517","rick springfield",5
"1525","ringo starr",5
"1534","robert palmer",5
"1601","seal",5
"1617","shania twain",5
"1662","snoop dogg",5
"1681","spice girls",5
"1699","steve miller band",5
"1719","survivor",5
"1728","swv",5
"1745","tears for fears",5
"1756","tevin campbell",5
"1770","the bangles",5
"1792","the cars",5
"1813","the doors",5
"1828","the fray",5
"1836","the guess who",5
"1850","the isley brothers",5
"1856","the jets",5
"1877","the miracles",5
"1879","the monkees",5
"1896","the police",5
"1903","the righteous brothers",5
"1956","third eye blind",5
"1999","total",5
"2000","toto",5
"2073","wham",5
"2093","wings",5
"55","alan jackson",4
"77","america",4
"105","ariana grande",4
"175","big sean",4
"197","blackstreet",4
"202","blondie",4
"215","bob",4
"241","bone thugsnharmony",4
"247","bow wow",4
"259","bread",4
"268","brian mcknight",4
"315","case",4
"350","chic",4
"385","colbie caillat",4
"460","debarge",4
"528","don henley",4
"567","eddie money",4
"569","eddie rabbitt",4
"629","fabolous",4
"639","fat joe",4
"657","florida georgia line",4
"674","frankie valli",4
"685","fun",4
"688","gary lewis  the playboys",4
"694","gavin degraw",4
"700","george benson",4
"703","george harrison",4
"727","gloria estefan",4
"728","gloria estefan and miami sound machine",4
"742","green day",4
"752","gym class heroes",4
"771","herb alpert",4
"827","jackson browne",4
"829","jade",4
"839","james taylor",4
"852","jason mraz",4
"893","jim croce",4
"909","jodeci",4
"910","jody watley",4
"911","joe",4
"916","joe simon",4
"953","jon secada",4
"968","juice newton",4
"985","karyn white",4
"1017","keyshia cole",4
"1033","kris kross",4
"1064","lifehouse",4
"1069","lil kim",4
"1092","lmfao",4
"1139","macklemore and ryan lewis",4
"1171","marvin gaye  tammi terrell",4
"1192","meat loaf",4
"1199","melissa etheridge",4
"1202","men at work",4
"1256","montell jordan",4
"1285","natalie cole",4
"1288","natasha bedingfield",4
"1291","naughty by nature",4
"1309","new edition",4
"1346","ohio players",4
"1410","peaches  herb",4
"1419","peter and gordon",4
"1446","pm dawn",4
"1448","poison",4
"1494","ray stevens",4
"1503","reo speedwagon",4
"1513","rick astley",4
"1536","roberta flack",4
"1553","ronnie milsap",4
"1577","sam smith",4
"1591","sara bareilles",4
"1593","savage garden",4
"1671","sonny  cher",4
"1678","soulja boy tell em",4
"1723","sweet",4
"1761","the allamerican rejects",4
"1783","the box tops",4
"1833","the gogos",4
"1834","the grass roots",4
"1859","the kinks",4
"1885","the notorious big",4
"1898","the pretenders",4
"1921","the stylistics",4
"1950","the young rascals",4
"1985","tom petty and the heartbreakers",4
"1997","tony orlando and dawn",4
"2027","ub40",4
"2041","vanessa williams",4
"2082","will smith",4
"2089","wilson phillips",4
"2090","wilson pickett",4
"2094","wiz khalifa",4
"2098","xscape",4
"2105","young jeezy",4
"2111","zac brown band",4
"6","1910 fruitgum company",3
"43","after 7",3
"57","alanis morissette",3
"68","all4one",3
"108","arrested development",3
"117","atlantic starr",3
"121","avicii",3
"125","az yet",3
"139","bananarama",3
"149","barry white",3
"151","bay city rollers",3
"160","belinda carlisle",3
"180","bill withers",3
"188","billy preston",3
"216","bob dylan",3
"230","bobby goldsboro",3
"233","bobby sherman",3
"243","bonnie raitt",3
"245","booker t  the mgs",3
"251","boys like girls",3
"277","bruce hornsby and the range",3
"318","cat stevens",3
"319","cathy dennis",3
"320","cc music factory",3
"321","cece peniston",3
"341","charlie rich",3
"342","cheap trick",3
"379","cliff richard",3
"388","collective soul",3
"423","da brat",3
"428","dan fogelberg",3
"464","deborah cox",3
"475","demi lovato",3
"502","dino",3
"508","dire straits",3
"515","dixie chicks",3
"529","don mclean",3
"538","donovan",3
"544","dr hook  the medicine show",3
"566","eddie kendricks",3
"587","ellie goulding",3
"606","eric carmen",3
"612","erykah badu",3
"616","eurythmics",3
"618","evanescence",3
"637","far east movement",3
"641","fetty wap",3
"646","finger eleven",3
"648","firehouse",3
"665","four tops",3
"693","gary wright",3
"707","george strait",3
"715","gilbert osullivan",3
"716","gin blossoms",3
"740","grand funk railroad",3
"761","harry nilsson",3
"764","heatwave",3
"774","hifive",3
"776","hinder",3
"795","hunter hayes",3
"800","ice cube",3
"817","irene cara",3
"844","janet",3
"850","jason der""ulo",3
"856","jay sean",3
"870","jeremih",3
"873","jermaine jackson",3
"876","jerry butler",3
"879","jesse mccartney",3
"883","jessica simpson",3
"895","jim stafford",3
"918","joe tex",3
"924","john cougar",3
"928","john legend",3
"948","johnny nash",3
"958","jordin sparks",3
"991","kci  jojo",3
"1012","keri hilson",3
"1015","kevin rudolf",3
"1020","kid rock",3
"1028","kiss",3
"1057","lenny kravitz",3
"1081","lisa lisa and cult jam",3
"1090","lloyd",3
"1101","lorde",3
"1104","los del r'io",3
"1110","lou rawls",3
"1134","m'ya",3
"1149","marc anthony",3
"1155","mario",3
"1178","mase",3
"1182","matchbox twenty",3
"1200","melissa manchester",3
"1213","miami sound machine",3
"1232","miguel",3
"1233","mike  the mechanics",3
"1287","natalie merchant",3
"1306","neon trees",3
"1327","night ranger",3
"1353","omarion",3
"1370","pablo cruise",3
"1376","paramore",3
"1389","paul anka",3
"1392","paul davis",3
"1395","paul mccartney  wings",3
"1398","paul mccartney and wings",3
"1412","pebbles",3
"1423","peter frampton",3
"1435","phillip phillips",3
"1445","plies",3
"1454","pretty ricky",3
"1456","prince and the new power generation",3
"1457","prince and the revolution",3
"1485","rare earth",3
"1492","ray j",3
"1493","ray parker jr",3
"1495","raydio",3
"1502","rem",3
"1540","robin thicke",3
"1576","sam hunt",3
"1579","samantha fox",3
"1592","sarah mclachlan",3
"1603","sean kingston",3
"1608","selena gomez",3
"1609","selena gomez  the scene",3
"1610","sergio mendes",3
"1612","shaggy",3
"1613","shai",3
"1616","shalamar",3
"1620","shaun cassidy",3
"1635","sia",3
"1660","smokey robinson",3
"1661","snap",3
"1673","sophie b hawkins",3
"1691","starship",3
"1703","stevie nicks",3
"1713","sugar ray",3
"1717","supertramp",3
"1735","taio cruz",3
"1746","technotronic",3
"1760","the alan parsons project",3
"1766","the association",3
"1767","the b52s",3
"1785","the brothers johnson",3
"1786","the buckinghams",3
"1801","the cowsills",3
"1812","the doobie brothers",3
"1827","the four tops",3
"1830","the friends of distinction",3
"1832","the game",3
"1846","the human league",3
"1853","the jacksons",3
"1865","the lovin spoonful",3
"1869","the mamas  the papas",3
"1890","the osmonds",3
"1908","the script",3
"1925","the sylvers",3
"1945","the weeknd",3
"1947","the who",3
"1949","the yardbirds",3
"1960","thompson twins",3
"1965","tiffany",3
"1991","tommy roe",3
"2001","tove lo",3
"2029","uncle kracker",3
"2064","warren g",3
"4","10cc",2
"7","2 chainz",2
"12","38 special",2
"14","3oh3",2
"18","5 seconds of summer",2
"20","69 boyz",2
"21","702",2
"27","a taste of honey",2
"30","aaron neville",2
"32","abc",2
"51","al stewart",2
"53","alabama",2
"64","alicia bridges",2
"70","allure",2
"75","ambrosia",2
"87","andy kim",2
"91","anita baker",2
"115","asia",2
"116","atlanta rhythm section",2
"119","avant",2
"120","average white band",2
"132","bachmanturner overdrive",2
"134","bad company",2
"135","bad english",2
"137","badfinger",2
"143","barbra streisand  barry gibb",2
"161","bell biv devoe",2
"191","billy squier",2
"196","black box",2
"199","blaque",2
"203","blood sweat  tears",2
"213","blues traveler",2
"218","bob seger",2
"222","bob welch",2
"237","bobby vinton",2
"244","bonnie tyler",2
"246","boston",2
"261","breathe",2
"264","brenda lee",2
"274","brooks  dunn",2
"283","bt express",2
"299","camron",2
"312","carole king",2
"330","champaign",2
"331","changing faces",2
"335","charles wright  the watts 103rd street rhythm band",2
"363","christina perri",2
"368","chumbawamba",2
"372","city high",2
"374","clarence carter",2
"375","classics iv",2
"381","climax blues band",2
"384","cobra starship",2
"393","corey hart",2
"395","cornelius brothers  sister rose",2
"398","craig david",2
"403","cream",2
"408","crosby stills  nash",2
"410","crowded house",2
"413","crystal waters",2
"416","curtis mayfield",2
"417","cutting crew",2
"430","dan hill",2
"431","dangelo",2
"432","daniel bedingfield",2
"435","danity kane",2
"446","david banner",2
"453","david lee roth",2
"455","david ruffin",2
"463","debelah morgan",2
"474","dem franchize boyz",2
"476","deniece williams",2
"498","dido",2
"499","dierks bentley",2
"513","divine",2
"516","dj jazzy jeff  the fresh prince",2
"517","dj khaled",2
"526","dolly parton",2
"530","donell jones",2
"531","donna fargo",2
"532","donna lewis",2
"535","donny  marie osmond",2
"573","edgar winter group",2
"580","edwin starr",2
"584","eli young band",2
"598","engelbert humperdinck",2
"599","england dan  john ford coley",2
"600","enigma",2
"619","eve",2
"628","extreme",2
"642","field mob",2
"645","fine young cannibals",2
"651","five for fighting",2
"673","frankie j",2
"676","freda payne",2
"679","freddy fender",2
"718","gino vannelli",2
"721","glass tiger",2
"723","glenn frey",2
"729","gloria gaynor",2
"732","go west",2
"733","golden earring",2
"735","gordon lightfoot",2
"736","gorillaz",2
"738","gq",2
"747","groove theory",2
"753","haddaway",2
"755","hamilton joe frank  reynolds",2
"756","hammer",2
"757","hanson",2
"760","harry chapin",2
"766","heavy d  the boyz",2
"784","hot chocolate",2
"787","howard jones",2
"804","iggy azalea",2
"805","ike  tina turner",2
"809","immature",2
"812","ini kamoze",2
"813","inner circle",2
"814","inoj",2
"818","isaac hayes",2
"819","iyaz",2
"820","j cole",2
"821","j holiday",2
"825","jackie deshannon",2
"831","jaheim",2
"832","jake owen",2
"840","jamie foxx",2
"846","janis ian",2
"854","jay and the americans",2
"859","jayz and alicia keys",2
"865","jefferson airplane",2
"866","jefferson starship",2
"878","jerry reed",2
"884","jessie j",2
"885","jessie j ariana grande and nicki minaj",2
"886","jesus jones",2
"894","jim jones",2
"904","jo dee messina",2
"907","joan jett and the blackhearts",2
"912","joe cocker",2
"914","joe jackson",2
"917","joe south",2
"919","joe walsh",2
"931","john mellencamp",2
"939","john travolta  olivia newtonjohn",2
"941","johnnie taylor",2
"950","jojo",2
"951","jon b",2
"969","julian lennon",2
"971","junior mafia",2
"975","juvenile",2
"979","kansas",2
"997","kelis",2
"1003","kenny g",2
"1006","kenny nolan",2
"1009","kenny rogers  the first edition",2
"1021","kim carnes",2
"1022","kim wilde",2
"1025","kings of leon",2
"1037","kylie minogue",2
"1039","la bouche",2
"1048","lauryn hill",2
"1051","lee ann womack",2
"1052","lee brice",2
"1059","leona lewis",2
"1063","lfo",2
"1066","lil flip",2
"1067","lil jon",2
"1068","lil jon  the east side boyz",2
"1087","little big town",2
"1093","lobo",2
"1108","lou christie",2
"1109","lou gramm",2
"1114","loverboy",2
"1124","lupe fiasco",2
"1127","luther vandross",2
"1137","mac davis",2
"1162","marky mark and the funky bunch",2
"1165","martha and the vandellas",2
"1180","master p",2
"1186","maxi priest",2
"1187","maxine nightingale",2
"1188","maxwell",2
"1189","mc hammer",2
"1190","mc lyte",2
"1198","melanie",2
"1206","merril bainbridge",2
"1225","michael mcdonald",2
"1230","michelle branch",2
"1236","mike posner",2
"1245","miranda lambert",2
"1263","mr big",2
"1265","mr mister",2
"1273","musiq soulchild",2
"1275","mystikal",2
"1280","naked eyes",2
"1296","neil sedaka",2
"1303","nelson",2
"1307","new boyz",2
"1317","nick jonas",2
"1334","no mercy",2
"1348","oliver",2
"1361","orleans",2
"1366","owl city",2
"1369","p diddy",2
"1377","parliament",2
"1378","passenger",2
"1402","paul young",2
"1405","paula cole",2
"1411","pearl jam",2
"1414","percy sledge",2
"1416","pet shop boys",2
"1421","peter cetera",2
"1424","peter gabriel",2
"1439","pink floyd",2
"1444","player",2
"1447","pointer sisters",2
"1460","psy",2
"1462","puddle of mudd",2
"1467","quarterflash",2
"1486","rascal flatts",2
"1489","ray charles",2
"1496","ready for the world",2
"1499","redbone",2
"1519","ricky martin",2
"1526","rita coolidge",2
"1528","rob thomas",2
"1531","robert john",2
"1537","roberta flack  donny hathaway",2
"1541","robyn",2
"1555","rose royce",2
"1559","ruben studdard",2
"1561","rufus",2
"1564","rupert holmes",2
"1565","ryan cabrera",2
"1568","sade",2
"1571","saltnpepa",2
"1578","sam the sham and the pharaohs",2
"1584","sammy davis jr",2
"1587","sandy posey",2
"1602","seals and crofts",2
"1618","shanice",2
"1625","sheila e",2
"1637","silk",2
"1639","silver convention",2
"1641","simple minds",2
"1642","simply red",2
"1646","sisqo",2
"1647","sister hazel",2
"1649","sister sledge",2
"1652","skid row",2
"1658","smash mouth",2
"1664","snoop doggy dogg",2
"1666","snow patrol",2
"1668","somethin for the people",2
"1674","soul asylum",2
"1675","soul for real",2
"1676","soul ii soul",2
"1695","stephen bishop",2
"1696","steppenwolf",2
"1702","stevie b",2
"1710","stray cats",2
"1715","sugarloaf",2
"1718","surface",2
"1734","tag team",2
"1736","take that",2
"1739","tara kemp",2
"1741","tavares",2
"1750","terence trent darby",2
"1755","tesla",2
"1764","the animals",2
"1769","the band perry",2
"1775","the beau brummels",2
"1800","the cover girls",2
"1802","the cranberries",2
"1805","the cure",2
"1807","the dave clark five",2
"1808","the delfonics",2
"1809","the dells",2
"1814","the dramatics",2
"1818","the escape club",2
"1824","the fortunes",2
"1825","the foundations",2
"1826","the four seasons",2
"1835","the greg kihn band",2
"1837","the happenings",2
"1838","the heights",2
"1851","the j geils band",2
"1860","the klf",2
"1864","the lettermen",2
"1867","the lumineers",2
"1868","the main ingredient",2
"1871","the manhattans",2
"1880","the moody blues",2
"1884","the new seekers",2
"1889","the originals",2
"1893","the partridge family",2
"1901","the rascals",2
"1907","the sandpipers",2
"1910","the seekers",2
"1919","the staple singers",2
"1930","the time",2
"1933","the tremeloes",2
"1934","the troggs",2
"1942","the vogues",2
"1952","the zombies",2
"1953","thedream",2
"1961","three 6 mafia",2
"1981","todd rundgren",2
"1984","tom petty",2
"1993","tone loc",2
"1998","tony toni tone",2
"2003","toya",2
"2010","tracy chapman",2
"2016","trick daddy",2
"2021","twista",2
"2024","tyrese",2
"2025","tyrone davis",2
"2028","ugly kid joe",2
"2031","unk",2
"2035","usher and alicia keys",2
"2045","vanilla ice",2
"2053","village people",2
"2061","wang chung",2
"2063","warrant",2
"2069","webbie",2
"2075","white lion",2
"2078","whitesnake",2
"2083","will to power",2
"2085","william",2
"2096","wyclef jean",2
"2099","yes",2
"2101","ying yang twins",2
"2107","young money",2
"2108","youngbloodz",2
"2109","yung joc",2
"2113","zedd",2
"2114","zhane",2
"2115","zz top",2
"1","  the mysterians",1
"2","100 proof aged in soul",1
"3","10000 maniacs",1
"8","2 pistols",1
"9","20 fingers",1
"13","3lw",1
"15","3t",1
"16","4 non blondes",1
"17","4:00 PM",1
"22","8th day",1
"23","95 south",1
"25","a flock of seagulls",1
"26","a great big world and christina aguilera",1
"29","aaron hall",1
"33","ace",1
"34","ace frehley",1
"35","ace hood",1
"37","adam ant",1
"38","adam clayton and larry mullen",1
"39","adam lambert",1
"41","adina howard",1
"44","after the fire",1
"45","aha",1
"46","ahmad",1
"49","al b sure",1
"52","al wilson",1
"54","alabama and n sync",1
"56","alan oday",1
"58","alannah myles",1
"59","albert hammond",1
"60","alessia cara",1
"61","alex clare",1
"63","alice deejay",1
"66","alive n kickin",1
"67","all saints",1
"69","allen kriskris allen",1
"71","aloe blacc",1
"72","amanda perez",1
"73","amazing rhythm aces",1
"74","amber",1
"76","ame lorain",1
"78","american authors",1
"79","amerie",1
"80","amii stewart",1
"82","amy winehouse",1
"83","andrea true connection",1
"84","andrew gold",1
"86","andy grammer",1
"88","andy williams",1
"89","angie martinez",1
"90","animotion",1
"92","anita ward",1
"93","ann wilson and robin zander",1
"94","anna kendrick",1
"96","annie lennox",1
"97","another bad creation",1
"98","apollo 100",1
"99","aqua",1
"100","arcadia",1
"101","archie bell  the drells",1
"103","aretha franklin and george michael",1
"104","argent",1
"106","ariana grande and the weeknd",1
"107","arlo guthrie",1
"109","arthur conley",1
"110","asap rocky",1
"112","asher roth",1
"113","ashford  simpson",1
"114","ashlee simpson",1
"118","audioslave",1
"123","awolnation",1
"124","az",1
"126","b2k",1
"127","b2k and p diddy",1
"128","baauer",1
"130","baby boy da prince",1
"136","bad meets evil",1
"138","baltimora",1
"140","barbara lewis",1
"141","barbara mason",1
"144","barbra streisand  donna summer",1
"145","barbra streisand and bryan adams",1
"146","barenaked ladies",1
"148","barry mcguire",1
"150","bastille",1
"152","bazuka",1
"153","bb king",1
"154","bbmak",1
"155","beastie boys",1
"156","beck",1
"157","becky g",1
"159","beenie man",1
"162","ben e king",1
"163","benny mardones",1
"164","berlin",1
"165","bert kaempfert",1
"166","bertie higgins",1
"168","better than ezra",1
"169","betty wright",1
"170","beverly bremers",1
"172","big brother and the holding company",1
"173","big mountain",1
"174","big pun",1
"176","big tymers",1
"177","bill conti deetta little and nelson pigford",1
"178","bill cosby",1
"179","bill medley and jennifer warnes",1
"181","billie myers",1
"182","billy currington",1
"184","billy joe royal",1
"187","billy paul",1
"189","billy preston and syreeta",1
"190","billy ray cyrus",1
"192","billy swan",1
"193","billy vera and the beaters",1
"194","biz markie",1
"200","blessid union of souls",1
"201","blink 182",1
"204","bloodstone",1
"205","blu cantrell",1
"206","blue cheer",1
"207","blue magic",1
"208","blue october",1
"209","blue ridge rangers",1
"210","blue swede",1
"211","blues image",1
"212","blues magoos",1
"214","bo donaldson and the heywoods",1
"217","bob lind",1
"220","bob seger and the silver bullet band",1
"221","bob seger system",1
"223","bobbi martin",1
"224","bobbie gentry",1
"225","bobby boris pickett and the cryptkickers",1
"227","bobby caldwell",1
"228","bobby darin",1
"229","bobby fuller four",1
"231","bobby hebb",1
"232","bobby mcferrin",1
"234","bobby shmurda",1
"235","bobby valentino",1
"236","bobby vee",1
"238","bobby womack",1
"239","bodeans",1
"242","bonnie pointer",1
"248","boy krazy",1
"249","boy meets girl",1
"250","boys club",1
"254","brad paisley",1
"255","brad paisley and carrie underwood",1
"257","brandy and monica",1
"258","brantley gilbert",1
"260","breakfast club",1
"262","brenda  the tabulations",1
"263","brenda k starr",1
"265","brenda russell",1
"266","brenton wood",1
"267","brewer  shipley",1
"269","brick",1
"271","brock and the bizz",1
"272","brook benton",1
"273","brooke valentine",1
"275","brownstone",1
"276","brownsville station",1
"279","bruce willis",1
"282","bryan adams rod stewart and sting",1
"284","bubba sparxxx",1
"285","buckcherry",1
"286","buckner  garcia",1
"287","buffalo springfield",1
"288","burton cummings",1
"290","busta rhymes and mariah carey",1
"291","bw stevenson",1
"292","c w mccall",1
"293","cah out",1
"294","cali swag district",1
"295","calloway",1
"297","calvin harris and disciples",1
"298","cameo",1
"300","candi staton",1
"301","candlebox",1
"302","capital cities",1
"304","captain hollywood project",1
"305","carl douglas",1
"306","carl thomas",1
"307","carla thomas",1
"308","carly rae jepsen",1
"310","carly simon  james taylor",1
"311","carol douglas",1
"314","cascada",1
"316","cassidy",1
"317","cassie",1
"322","cee lo green",1
"324","celine dion and peabo bryson",1
"325","chad brock",1
"326","chad kroeger",1
"327","chairmen of the board",1
"328","chaka khan",1
"329","chamillionaire",1
"332","chante moore",1
"333","charlene",1
"334","charles  eddie",1
"336","charley pride",1
"337","charli xcx",1
"338","charlie daniels band",1
"339","charlie dore",1
"340","charlie puth",1
"343","checkmates ltd",1
"345","cher and peter cetera",1
"346","cher lloyd",1
"347","cherish",1
"348","cheryl lynn",1
"349","chesney hawkes",1
"354","chris brown and tyga",1
"355","chris de burgh",1
"356","chris isaak",1
"357","chris montez",1
"358","chris rea",1
"359","christie",1
"361","christina aguilera lil kim m'ya and pink",1
"362","christina milian",1
"364","christine mcvie",1
"366","chuck berry",1
"367","chuck mangione",1
"370","ciara and missy elliott",1
"371","citizen king",1
"373","cj  company",1
"376","clay aiken",1
"377","clean bandit",1
"378","cliff nobles",1
"380","climax",1
"382","clint holmes",1
"383","club nouveau",1
"386","colby odonis",1
"390","commander cody and his lost planet airmen",1
"394","corina",1
"396","corona",1
"397","count five",1
"399","craig mack",1
"400","crash test dummies",1
"401","crazy elephant",1
"402","crazy town",1
"406","crime mob and lil scrappy",1
"407","crispian st peters",1
"409","crosby stills nash  young",1
"411","crucial conflict",1
"412","crystal gayle",1
"414","culture beat",1
"419","cypress hill",1
"420","d mob",1
"421","d12",1
"422","d4l",1
"424","daddy dewdrop",1
"425","daddy yankee",1
"426","daft punk",1
"427","damn yankees",1
"429","dan hartman",1
"433","daniel boone",1
"434","daniel powter",1
"436","darius rucker",1
"437","darryl worley",1
"438","daryl hall",1
"440","das efx",1
"442","dave edmunds",1
"443","dave loggins",1
"444","dave matthews band",1
"445","david archuleta",1
"448","david cook",1
"449","david essex",1
"450","david gates",1
"452","david houston",1
"454","david naughton",1
"456","david soul",1
"457","dawn",1
"458","dazz band",1
"459","dean friedman",1
"462","debby boone",1
"465","deeelite",1
"466","deep blue something",1
"467","deep purple",1
"469","default",1
"470","del amitri",1
"471","del shannon",1
"472","delaney  bonnie  friends",1
"473","delbert mcclinton",1
"477","denise lasalle",1
"478","dennis coffey",1
"479","deodato",1
"480","deon estus",1
"481","deon jackson",1
"482","depeche mode",1
"483","derek and the dominos",1
"484","desree",1
"486","dev",1
"487","devo",1
"488","dexys midnight runners",1
"489","dht",1
"490","diamond rio",1
"491","diana king",1
"493","diana ross  lionel richie",1
"494","diana ross  marvin gaye",1
"495","dickey lee",1
"496","diddy",1
"497","diddy  dirty money",1
"500","digable planets",1
"501","digital underground",1
"503","dino desi  billy",1
"504","dionne and friends dionne warwick gladys knight elton john and stevie wonder",1
"505","dionne farris",1
"507","dionne warwick  the spinners",1
"509","dirty vegas",1
"510","disclosure",1
"511","discotex and the sexolettes",1
"512","dishwalla",1
"514","divinyls",1
"518","dj kool",1
"519","dj sammy",1
"520","dj snake and alunageorge",1
"521","dj snake and lil jon",1
"522","dmx",1
"523","dna",1
"524","do or die",1
"525","dobie gray",1
"527","domino",1
"534","donna summer and brooklyn dreams",1
"536","donny and marie osmond",1
"539","dorothy moore",1
"540","dottie west  kenny rogers",1
"541","dr buzzards original savannah band",1
"545","dr john",1
"547","dream",1
"548","dream academy",1
"549","drs",1
"551","duice",1
"552","duncan sheik",1
"554","dusty springfield",1
"555","dwight twilley band",1
"556","e40",1
"557","eagleeye cherry",1
"559","eamon",1
"561","earth wind  fire  the emotions",1
"562","echosmith",1
"563","ed ames",1
"565","eddie holman",1
"568","eddie murphy",1
"570","eddie rabbitt and crystal gayle",1
"571","eddy grant",1
"572","edens crush",1
"574","edie brickell  new bohemians",1
"575","edison lighthouse",1
"576","edward bear",1
"577","edward maya",1
"578","edwin hawkins singers",1
"579","edwin mccain",1
"581","eiffel 65",1
"582","el debarge",1
"585","ella henderson",1
"586","elle king",1
"588","elliott yamin",1
"590","elton john  kiki dee",1
"591","elvin bishop",1
"593","emeli sande",1
"594","emf",1
"596","eminem dr dre and 50 cent",1
"602","enya",1
"603","erasure",1
"604","eric benet",1
"605","eric burdon  war",1
"607","eric church",1
"609","eric weissberg  steve mandell",1
"610","erick sermon",1
"611","eruption",1
"613","estelle",1
"614","eternal",1
"615","europe",1
"617","evan and jaron",1
"620","eve 6",1
"621","evelyn champagne king",1
"622","everclear",1
"623","everlast",1
"624","every mothers son",1
"625","everything but the girl",1
"626","exile",1
"632","faith no more",1
"633","falco",1
"635","fancy",1
"636","fantasia",1
"638","fastball",1
"643","fifth harmony",1
"644","filter",1
"647","firefall",1
"649","five",1
"650","five americans",1
"652","five man electrical band",1
"653","five stairsteps",1
"656","floetry",1
"658","focus",1
"659","foghat",1
"660","foo fighters",1
"661","force mds",1
"663","fort minor",1
"664","foster the people",1
"666","foxy",1
"667","foxy brown",1
"668","frank  nancy sinatra",1
"669","frank mills",1
"670","frank sinatra",1
"671","frank stallone",1
"672","franke and the knockouts",1
"675","freak nasty",1
"677","freddie and the dreamers",1
"678","freddie hart",1
"680","free",1
"681","frida",1
"682","friend  lover",1
"683","frijid pink",1
"684","fuel",1
"686","gabrielle",1
"687","gallery",1
"689","gary lewis and the playboys",1
"690","gary numan",1
"692","gary us bonds",1
"695","gavin rossdale",1
"696","gene  debbe",1
"697","gene chandler",1
"698","general public",1
"701","george duke  stanley clarke",1
"702","george ezra",1
"704","george mccrae",1
"706","george michael and elton john",1
"708","georgia satellites",1
"709","georgie fame",1
"710","gerald levert",1
"711","gerardo",1
"712","gerry and the pacemakers",1
"713","gerry rafferty",1
"714","ghost town djs",1
"717","gina g",1
"724","glenn medeiros",1
"725","glenn medeiros and bobby brown",1
"726","glenn yarbrough",1
"730","gloria loring and carl anderson",1
"731","gnarls barkley",1
"737","gotye",1
"739","grand funk",1
"741","great white",1
"743","green jell""y",1
"744","greg guidry",1
"745","gregory abbott",1
"746","gretchen wilson",1
"748","grover washington jr  bill withers",1
"749","gunit",1
"758","harold faltermeyer",1
"759","harold melvin  the blue notes",1
"762","havana brown",1
"765","heavy d",1
"768","hellogoodbye",1
"769","henry gross",1
"770","henry mancini",1
"772","herb alpert and the tijuana brass",1
"775","high inergy",1
"777","honey cone",1
"778","hoobastank",1
"780","horst jankowski",1
"781","hot",1
"782","hot butter",1
"783","hot chelle rae",1
"785","house of pain",1
"786","houston",1
"788","howie day",1
"789","hozier",1
"790","htown",1
"791","huey",1
"793","hugh masekela",1
"794","hugo montenegro",1
"796","hurricane chris",1
"797","hurricane smith",1
"798","ian matthews",1
"799","ian whitcomb",1
"801","icehouse",1
"802","icona pop",1
"803","idina menzel",1
"806","ilovemakonnen",1
"807","ilovememphis",1
"810","incubus",1
"811","information society",1
"815","instant funk",1
"823","jack jones",1
"824","jack wagner",1
"826","jackie wilson",1
"828","jadakiss",1
"833","james  bobby purify",1
"834","james blunt",1
"836","james ingram",1
"837","james ingram and michael mcdonald",1
"838","james newton howard",1
"841","jamie walters",1
"842","jan hammer",1
"843","jane child",1
"847","janis joplin",1
"848","jann arden",1
"853","jay  the techniques",1
"855","jay ferguson",1
"857","jay z",1
"860","jayz and kanye west",1
"861","jayz and linkin park",1
"862","jd souther",1
"863","jean knight",1
"864","jeannie c riley",1
"868","jennifer paige",1
"869","jennifer warnes",1
"871","jeremy jordan",1
"872","jermaine dupri",1
"874","jermaine stewart",1
"875","jerrod niemann",1
"877","jerry butler  brenda lee eager",1
"880","jesse powell",1
"881","jessi colter",1
"882","jessica andrews",1
"887","jet",1
"888","jethro tull",1
"890","jewel akens",1
"891","jibbs",1
"892","jidenna",1
"896","jimmy buffett",1
"897","jimmy castor bunch",1
"898","jimmy cliff",1
"899","jimmy eat world",1
"900","jimmy ray",1
"901","jimmy ruffin",1
"902","jive bunny and the mastermixers",1
"903","jkwon",1
"905","joan baez",1
"906","joan jett  the blackhearts",1
"908","joan osborne",1
"913","joe cocker and jennifer warnes",1
"915","joe public",1
"920","joey lawrence",1
"921","joey mcintyre",1
"922","joey scarbury",1
"923","john cafferty  the beaver brown band",1
"927","john fred  his playboy band",1
"932","john michael montgomery",1
"933","john parr",1
"934","john paul young",1
"935","john schneider",1
"936","john sebastian",1
"937","john stewart",1
"938","john travolta",1
"940","john waite",1
"942","johnny bristol",1
"943","johnny cash",1
"944","johnny gill",1
"945","johnny hates jazz",1
"946","johnny maestro  the brooklyn bridge",1
"947","johnny mathis  deniece williams",1
"952","jon bon jovi",1
"954","jonas brothers",1
"955","jonathan edwards",1
"956","joni mitchell",1
"957","jordan knight",1
"959","jordin sparks and chris brown",1
"960","jose feliciano",1
"961","joshua kadison",1
"963","jr walker  the all stars",1
"964","jt money",1
"965","jud strunk",1
"966","judy collins",1
"967","juelz santana",1
"970","julio iglesias and willie nelson",1
"972","junior walker  the all stars",1
"976","k p  envyi",1
"977","kajagoogoo",1
"978","kandi",1
"981","kanye west big sean pusha t and 2 chainz",1
"982","kardinal offishall",1
"983","karla bonoff",1
"984","karmin",1
"986","kathy troccoli",1
"987","katrina and the waves",1
"989","kc  the sunshine band",1
"993","keith",1
"994","keith carradine",1
"996","keith urban",1
"999","kelly price",1
"1000","kelly rowland",1
"1001","kendrick lamar",1
"1005","kenny loggins  stevie nicks",1
"1008","kenny rogers  kim carnes",1
"1010","kenny rogers and dolly parton",1
"1011","kenny rogers and sheena easton",1
"1013","kesha",1
"1014","kevin lyttle",1
"1016","kevon edmonds",1
"1018","kid cudi",1
"1019","kid ink",1
"1023","king floyd",1
"1024","king harvest",1
"1026","kip moore",1
"1027","kirko bangz",1
"1029","klymaxx",1
"1030","kongos",1
"1032","kris kristofferson",1
"1034","kristinia debarge",1
"1035","kt tunstall",1
"1036","kws",1
"1038","kyper",1
"1040","la roux",1
"1041","labelle",1
"1044","lamont dozier",1
"1045","lana del rey and cedric gervais",1
"1046","larry groce",1
"1050","leblanc  carr",1
"1053","lee dorsey",1
"1054","lee michaels",1
"1055","leif garrett",1
"1056","len",1
"1060","lesley gore",1
"1061","level 42",1
"1062","levert",1
"1065","lil bow wow",1
"1070","lil mo",1
"1071","lil romeo",1
"1074","linda ronstadt and aaron neville",1
"1075","linda ronstadt and james ingram",1
"1076","lindsey buckingham",1
"1077","linear",1
"1080","lipps inc",1
"1082","lisa loeb",1
"1083","lisa loeb and nine stories",1
"1084","lisa stansfield",1
"1085","lita ford and ozzy osbourne",1
"1086","little anthony and the imperials",1
"1091","lloyd banks",1
"1094","loggins and messina",1
"1095","london symphony orchestra",1
"1096","londonbeat",1
"1098","looking glass",1
"1099","lord david dundas",1
"1100","lord tariq and peter gunz",1
"1102","loreena mckennitt",1
"1103","los bravos",1
"1105","los lobos",1
"1106","los lonely boys",1
"1107","lou bega",1
"1111","love and rockets",1
"1112","love unlimited",1
"1113","love unlimited orchestra",1
"1115","lovin spoonful",1
"1116","lsg",1
"1117","ltd",1
"1119","luke",1
"1121","lulu",1
"1122","lumidee",1
"1123","luniz",1
"1125","luscious jackson",1
"1126","luther ingram",1
"1128","luther vandross and janet jackson",1
"1129","luther vandross and mariah carey",1
"1130","lynn anderson",1
"1131","lynyrd skynyrd",1
"1132","m",1
"1133","m""otley cr""ue",1
"1135","m'ya and sisqo",1
"1136","mac and katie kissoon",1
"1138","macklemore  ryan lewis",1
"1140","macy gray",1
"1141","madness",1
"1143","magic",1
"1144","major harris",1
"1145","major lazer and dj snake",1
"1146","mama cass elliot",1
"1147","manfred mann",1
"1148","manfred manns earth band",1
"1150","marcy playground",1
"1151","maria muldaur",1
"1153","mariah carey and boyz ii men",1
"1154","marilyn mccoo  billy davis jr",1
"1156","mario winans",1
"1157","mark chesnutt",1
"1158","mark lindsay",1
"1159","mark morrison",1
"1160","mark ronson",1
"1161","mark wills",1
"1163","marmalade",1
"1166","martika",1
"1167","martin garrix",1
"1168","martin page",1
"1169","marty balin",1
"1172","marvin hamlisch",1
"1173","mary hopkin",1
"1175","mary jane girls",1
"1176","mary macgregor",1
"1177","mary mary",1
"1179","mason williams",1
"1181","matchbox 20",1
"1183","matthew wilder",1
"1184","matthews southern comfort",1
"1185","maureen mcgovern",1
"1191","mcfadden  whitehead",1
"1193","meco",1
"1194","meek mill",1
"1196","mel and tim",1
"1197","mel carter",1
"1201","mellow man ace",1
"1203","men without hats",1
"1204","mercy",1
"1205","meredith brooks",1
"1207","merrilee rush",1
"1208","metallica",1
"1209","method man",1
"1210","metro station",1
"1211","mfsb",1
"1212","mia",1
"1215","michael buble",1
"1216","michael damian",1
"1217","michael franti  spearhead",1
"1219","michael jackson and janet jackson",1
"1220","michael jackson and justin timberlake",1
"1221","michael jackson and paul mccartney",1
"1222","michael jackson with siedah garrett",1
"1223","michael johnson",1
"1224","michael martin murphey",1
"1226","michael murphey",1
"1227","michael sembello",1
"1228","michael w smith",1
"1229","michelle",1
"1231","mickey gilley",1
"1234","mike jones",1
"1235","mike oldfield",1
"1237","mike post",1
"1238","mike reno and ann wilson",1
"1239","mike will madeit",1
"1242","mims",1
"1243","minnie riperton",1
"1244","mint condition",1
"1246","miranda lambert and carrie underwood",1
"1248","mitch ryder  the detroit wheels",1
"1249","mkto",1
"1250","mo thugs",1
"1251","moby",1
"1252","mocedades",1
"1253","mokenstef",1
"1255","monifah",1
"1257","moody blues",1
"1258","morris albert",1
"1259","motherlode",1
"1260","mountain",1
"1261","mouth  macneal",1
"1262","moving pictures",1
"1264","mr cheeks",1
"1266","mr president",1
"1267","mr probz",1
"1268","mumford  sons",1
"1269","mungo jerry",1
"1270","murray head",1
"1271","murray head  the trindad singers",1
"1272","musical youth",1
"1274","my chemical romance",1
"1276","n ii u",1
"1278","n sync and gloria estefan",1
"1279","n2deep",1
"1281","nancy sinatra",1
"1282","nas",1
"1283","nas and bravehearts",1
"1284","natalie",1
"1286","natalie la rose",1
"1289","natural selection",1
"1290","naughty boy",1
"1292","nazareth",1
"1293","neil  dara sedaka",1
"1295","neil diamond  barbra streisand",1
"1297","neil sedaka  elton john",1
"1298","neil young",1
"1301","nelly p diddy and murphy lee",1
"1302","nelly paul wall and ali  gipp",1
"1304","nena",1
"1305","neneh cherry",1
"1308","new colony six",1
"1311","new vaudeville band",1
"1312","new york city",1
"1315","nick cannon",1
"1316","nick gilder",1
"1318","nick lachey",1
"1320","nicki french",1
"1322","nicky jam and enrique iglesias",1
"1323","nico  vinz",1
"1324","nicole",1
"1325","nicolette larson",1
"1326","nigel olsson",1
"1328","nina sky",1
"1329","nine days",1
"1330","nirvana",1
"1331","nitty gritty dirt band",1
"1332","nivea",1
"1335","norah jones",1
"1336","nore",1
"1337","norman greenbaum",1
"1338","nu flavor",1
"1339","nu shooz",1
"1340","o c smith",1
"1341","oasis",1
"1342","ocean",1
"1343","odyssey",1
"1344","of monsters and men",1
"1345","ohio express",1
"1347","oleta adams",1
"1350","olivia newtonjohn  cliff richard",1
"1351","ollie  jerry",1
"1352","olly murs",1
"1354","omi",1
"1357","onyx",1
"1358","orchestral manoeuvres in the dark",1
"1359","orianthi",1
"1360","original cast of godspell",1
"1362","ot genasis",1
"1363","otis redding",1
"1364","otown",1
"1367","owl city and carly rae jepsen",1
"1368","ozark mountain daredevils",1
"1371","pacific gas  electric",1
"1372","panic at the disco",1
"1373","papa roach",1
"1374","paper lace",1
"1375","paperboy",1
"1380","patrick hernandez",1
"1381","patrick swayze",1
"1382","patti austin and james ingram",1
"1383","patti labelle and michael mcdonald",1
"1384","patti page",1
"1385","patti smith group",1
"1386","patty duke",1
"1387","patty smyth",1
"1388","paul  linda mccartney",1
"1390","paul anka  odia coates",1
"1391","paul carrack",1
"1393","paul mauriat",1
"1396","paul mccartney and michael jackson",1
"1397","paul mccartney and stevie wonder",1
"1401","paul stookey",1
"1404","paula abdul and the wild pair",1
"1406","paula deanda",1
"1407","peabo bryson",1
"1408","peabo bryson and regina belle",1
"1409","peabo bryson and roberta flack",1
"1413","people",1
"1415","perry como",1
"1417","pet shop boys with dusty springfield",1
"1418","pete townshend",1
"1420","peter brown",1
"1422","peter cetera and amy grant",1
"1425","peter mccann",1
"1426","peter paul and mary",1
"1427","peter schilling",1
"1428","petey pablo",1
"1430","pharrell",1
"1431","pharrell williams",1
"1433","phil collins and marilyn martin",1
"1434","philip bailey and phil collins",1
"1436","phoebe snow",1
"1437","pilot",1
"1441","pitbull and neyo",1
"1442","plain white ts",1
"1443","planet soul",1
"1449","portrait",1
"1450","positive k",1
"1451","power station",1
"1452","pras michel",1
"1453","pretty poison",1
"1458","procol harum",1
"1459","pseudo echo",1
"1461","public announcement",1
"1464","pure prairie league",1
"1466","quad city djs",1
"1469","queen latifah",1
"1470","queensr""yche",1
"1471","quiet riot",1
"1472","quincy jones",1
"1473","r city",1
"1474","r dean taylor",1
"1476","r kelly and celine dion",1
"1477","rachel platten",1
"1478","rae sremmurd",1
"1479","ralph tresvant",1
"1480","ramsey lewis trio",1
"1481","randy houser",1
"1482","randy newman",1
"1483","randy vanwarmer",1
"1484","raphael saadiq",1
"1487","raspberries",1
"1488","ratt",1
"1490","ray conniff singers",1
"1491","ray goodman  brown",1
"1500","rednex",1
"1501","regina",1
"1504","restless heart",1
"1505","rex smith",1
"1506","rhythm heritage",1
"1507","rich boy",1
"1508","rich gang",1
"1509","rich homie quan",1
"1510","richard harris",1
"1512","richie havens",1
"1514","rick dees  his cast of idiots",1
"1515","rick james",1
"1516","rick ross",1
"1518","rickie lee jones",1
"1520","ricky martin and christina aguilera",1
"1521","ricky nelson",1
"1522","right said fred",1
"1524","rihanna kanye west and paul mccartney",1
"1527","rixton",1
"1529","robbie dupree",1
"1530","robbie nevil",1
"1532","robert knight",1
"1533","robert miles",1
"1535","robert parker",1
"1538","robin mcnamara",1
"1539","robin s",1
"1542","rocko",1
"1543","rockwell",1
"1544","rocky burnette",1
"1546","rodney atkins",1
"1547","roger miller",1
"1548","roger troutman",1
"1549","roger voudouris",1
"1550","roger williams",1
"1551","rome",1
"1552","ronnie dyson",1
"1554","rosanne cash",1
"1557","roy head",1
"1558","royal philharmonic orchestra",1
"1560","ruff endz",1
"1562","rufus  chaka khan",1
"1563","rundmc",1
"1566","rythm syndicate",1
"1567","s club 7",1
"1569","safire",1
"1570","sailcat",1
"1572","saltnpepa and en vogue",1
"1573","sam  dave",1
"1574","sam and dave",1
"1575","sam cooke",1
"1580","samantha mumba",1
"1581","samantha sang",1
"1582","sammi smith",1
"1583","sammie",1
"1585","sammy hagar",1
"1586","sammy johns",1
"1588","sanfordtownsend band",1
"1589","santa esmeralda",1
"1594","saving abel",1
"1595","scandal",1
"1596","scarface",1
"1597","schoolboy q",1
"1598","scorpions",1
"1599","scott mckenzie",1
"1600","scritti politti",1
"1604","sean kingston and justin bieber",1
"1606","secondhand serenade",1
"1607","seduction",1
"1611","shadows of knight",1
"1614","shakespears sister",1
"1619","shannon",1
"1621","shawn colvin",1
"1622","shawn mendes",1
"1623","shawn mullins",1
"1626","sheriff",1
"1628","shinedown",1
"1629","shirley bassey",1
"1630","shirley ellis",1
"1631","shocking blue",1
"1632","shontelle",1
"1633","shop boyz",1
"1634","shorty long",1
"1636","silento",1
"1638","silver",1
"1643","sinead oconnor",1
"1644","sir douglas quintet",1
"1645","sir mixalot",1
"1648","sister janet mead",1
"1650","sixpence none the richer",1
"1651","skeelo",1
"1653","skrillex and diplo",1
"1654","skylark",1
"1655","slim harpo",1
"1657","sly fox",1
"1659","smith",1
"1663","snoop dogg and wiz khalifa",1
"1665","snow",1
"1667","soft cell",1
"1669","son by four",1
"1670","sonique",1
"1672","sonny bono",1
"1677","souldecision",1
"1679","sounds orchestral",1
"1680","spandau ballet",1
"1682","spin doctors",1
"1683","spiral starecase",1
"1684","ssgt barry sadler",1
"1685","stacey q",1
"1686","staind",1
"1687","starbuck",1
"1688","starland vocal band",1
"1689","starpoint",1
"1690","stars on 45",1
"1692","status quo",1
"1693","stealers wheel",1
"1697","steve forbert",1
"1698","steve holy",1
"1700","steve perry",1
"1704","stevie nicks  tom petty",1
"1705","stevie nicks and don henley",1
"1708","stories",1
"1709","strawberry alarm clock",1
"1712","subway",1
"1714","sugarland",1
"1716","sunshine anderson",1
"1720","suzanne vega",1
"1721","suzi quatro  chris norman",1
"1722","swedish house mafia",1
"1724","sweet inspirations",1
"1725","sweet sensation",1
"1726","swing out sister",1
"1727","switchfoot",1
"1729","swv and puff daddy",1
"1730","sylke fyne",1
"1731","sylvia",1
"1732","t rex",1
"1733","taco",1
"1737","tal bachman",1
"1738","tamia",1
"1740","tatyana ali",1
"1743","taylor hicks",1
"1747","teddy geiger",1
"1748","tee set",1
"1749","teena marie",1
"1751","teri desario  kc",1
"1752","terri gibbs",1
"1753","terror squad",1
"1754","terry jacks",1
"1757","thal'ia",1
"1759","the ad libs",1
"1762","the allman brothers band",1
"1763","the american breed",1
"1765","the archies",1
"1768","the babys",1
"1771","the barkays",1
"1774","the beatles with billy preston",1
"1776","the bee gees",1
"1777","the beginning of the end",1
"1778","the bellamy brothers",1
"1779","the bells",1
"1781","the blackbyrds",1
"1782","the blackout allstars",1
"1784","the brotherhood of man",1
"1787","the buoys",1
"1788","the byrds",1
"1789","the calling",1
"1790","the capitols",1
"1793","the casinos",1
"1794","the chakachas",1
"1795","the chambers brothers",1
"1796","the charlie daniels band",1
"1797","the chilites",1
"1798","the clash",1
"1799","the click five",1
"1803","the crazy world of arthur brown",1
"1804","the cuff links",1
"1806","the cyrkle",1
"1810","the detroit emeralds",1
"1811","the dirt band",1
"1815","the easybeats",1
"1816","the electric prunes",1
"1817","the emotions",1
"1819","the esquires",1
"1820","the fireballs",1
"1821","the first class",1
"1822","the floaters",1
"1823","the flying machine",1
"1829","the free movement",1
"1831","the fuzz",1
"1839","the hillside singers",1
"1841","the hombres",1
"1842","the honey cone",1
"1843","the honeydrippers",1
"1844","the hues corporation",1
"1845","the human beinz",1
"1847","the ides of march",1
"1848","the intruders",1
"1849","the irish rovers",1
"1854","the jaggerz",1
"1855","the jeff healey band",1
"1857","the killers",1
"1858","the kingsmen",1
"1861","the knack",1
"1862","the left banke",1
"1863","the lemon pipers",1
"1866","the lox",1
"1870","the manhattan transfer",1
"1872","the marshall tucker band",1
"1873","the marvelettes",1
"1874","the mccoys",1
"1875","the mills brothers",1
"1876","the mindbenders",1
"1878","the moments",1
"1881","the motels",1
"1882","the music explosion",1
"1883","the neighbourhood",1
"1886","the oak ridge boys",1
"1888","the okaysions",1
"1891","the outfield",1
"1892","the outsiders",1
"1894","the pipkins",1
"1897","the poppy family",1
"1899","the proclaimers",1
"1900","the pussycat dolls",1
"1902","the red jumpsuit apparatus",1
"1905","the romantics",1
"1906","the royal guardsmen",1
"1909","the searchers",1
"1911","the shades of blue",1
"1912","the smashing pumpkins",1
"1913","the sos band",1
"1914","the soul survivors",1
"1915","the spencer davis group",1
"1917","the stampeders",1
"1918","the standells",1
"1920","the strangeloves",1
"1923","the supremes  the temptations",1
"1924","the surfaris",1
"1926","the system",1
"1927","the tbones",1
"1929","the three degrees",1
"1931","the tony rich project",1
"1932","the trammps",1
"1935","the tubes",1
"1937","the undisputed truth",1
"1938","the ventures",1
"1939","the veronicas",1
"1940","the verve",1
"1941","the verve pipe",1
"1943","the wanted",1
"1944","the watts 103rd street rhythm band",1
"1946","the whispers",1
"1948","the winstons",1
"1951","the youngbloods",1
"1954","thelma houston",1
"1955","thin lizzy",1
"1957","thomas dolby",1
"1958","thomas rhett",1
"1959","thompson square",1
"1964","tierra",1
"1966","til tuesday",1
"1968","tim mcgraw and faith hill",1
"1970","timbaland  magoo",1
"1971","timex social club",1
"1972","timmy t",1
"1973","timmy thomas",1
"1975","tinashe",1
"1976","tinie tempah",1
"1978","toad the wet sprocket",1
"1979","toby beau",1
"1982","tom cochrane",1
"1986","tom t hall",1
"1987","tommy boyce  bobby hart",1
"1988","tommy james",1
"1990","tommy page",1
"1992","tommy tutone",1
"1994","toni basil",1
"1996","tony joe white",1
"2002","tower of power",1
"2005","tpau",1
"2006","tq",1
"2007","trace adkins",1
"2008","tracey ullman",1
"2009","tracie spencer",1
"2012","trapt",1
"2013","travie mccoy",1
"2014","travis tritt",1
"2017","trillville",1
"2018","truth hurts",1
"2019","twayne",1
"2020","tweet",1
"2022","tyga",1
"2023","tyler collins",1
"2030","uncle sam",1
"2032","us3",1
"2033","usa for africa",1
"2037","van mccoy  the soul city symphony",1
"2038","van morrison",1
"2039","vance joy",1
"2040","vanessa carlton",1
"2042","vanessa williams and brian mcknight",1
"2043","vangelis",1
"2044","vanilla fudge",1
"2046","vanity fare",1
"2047","various artists",1
"2048","vertical horizon",1
"2049","vic dana",1
"2050","vicki lawrence",1
"2051","vicki sue robinson",1
"2052","vikki carr",1
"2054","voices of theory",1
"2055","wadsworth mansion",1
"2056","waka flocka flame",1
"2057","wale",1
"2058","walk the moon",1
"2059","walter egan",1
"2060","walter murphy  the big apple band",1
"2065","wayne fontana  the mindbenders",1
"2066","wayne newton",1
"2067","wayne wonder",1
"2068","we five",1
"2070","weezer",1
"2071","westlife",1
"2072","wet willie",1
"2074","when in rome",1
"2076","white plains",1
"2077","white town",1
"2080","whitney houston and mariah carey",1
"2081","wild cherry",1
"2084","willa ford",1
"2086","william devaughn",1
"2087","willie mitchell",1
"2088","willie nelson",1
"2091","wing and a prayer fife and drum corps",1
"2092","winger",1
"2095","wreckxneffect",1
"2097","x ambassadors",1
"2100","yg",1
"2102","ylvis",1
"2103","young dro",1
"2104","young gunz",1
"2106","young mc",1
"2110","yvonne elliman",1
"2112","zager  evans",1
